{
  "FUT1": {
    "total_rows": 647,
    "outliers": {
      "Close": {
        "count": 2,
        "percentage": 0.3284072249589491,
        "bounds": {
          "lower": 38.874999999999986,
          "upper": 133.025
        },
        "actual_range": {
          "min": 1e-08,
          "max": 2725524.142966797
        }
      },
      "Volume": {
        "count": 1,
        "percentage": 0.17064846416382254,
        "bounds": {
          "lower": -45978.5,
          "upper": 73872.0
        },
        "actual_range": {
          "min": 1e-08,
          "max": 48495362.88208199
        }
      },
      "Open Interest": {
        "count": 6,
        "percentage": 1.0344827586206897,
        "bounds": {
          "lower": -135106.75,
          "upper": 220454.75
        },
        "actual_range": {
          "min": 1e-08,
          "max": 9582852.531106211
        }
      }
    },
    "price_jumps": {
      "count": 100,
      "percentage": 15.455950540958268
    }
  },
  "FUT10": {
    "total_rows": 388,
    "outliers": {
      "Close": {
        "count": 1,
        "percentage": 0.2785515320334262,
        "bounds": {
          "lower": 22.87499999999997,
          "upper": 148.70000000000005
        },
        "actual_range": {
          "min": 1e-08,
          "max": 2305877.4354537483
        }
      },
      "Volume": {
        "count": 2,
        "percentage": 0.5847953216374269,
        "bounds": {
          "lower": -149.5,
          "upper": 225.0
        },
        "actual_range": {
          "min": 1e-08,
          "max": 95163.87205497125
        }
      },
      "Open Interest": {
        "count": 6,
        "percentage": 1.694915254237288,
        "bounds": {
          "lower": -1217.5,
          "upper": 2018.25
        },
        "actual_range": {
          "min": 1e-08,
          "max": 52191.84966967809
        }
      }
    },
    "price_jumps": {
      "count": 99,
      "percentage": 25.51546391752577
    }
  },
  "FUT11": {
    "total_rows": 647,
    "outliers": {
      "Close": {
        "count": 1,
        "percentage": 0.5813953488372093,
        "bounds": {
          "lower": 45.568749999999994,
          "upper": 133.725
        },
        "actual_range": {
          "min": 1e-08,
          "max": 2947323.7359675257
        }
      },
      "Volume": {
        "count": 2,
        "percentage": 0.8968609865470852,
        "bounds": {
          "lower": -83.5,
          "upper": 116.0
        },
        "actual_range": {
          "min": 1e-08,
          "max": 2940.282292546246
        }
      },
      "Open Interest": {
        "count": 7,
        "percentage": 1.876675603217158,
        "bounds": {
          "lower": -455.0,
          "upper": 623.0
        },
        "actual_range": {
          "min": 1e-08,
          "max": 22167.701060578165
        }
      }
    },
    "price_jumps": {
      "count": 96,
      "percentage": 14.837712519319938
    }
  },
  "FUT12": {
    "total_rows": 647,
    "outliers": {
      "Close": {
        "count": 1,
        "percentage": 3.3333333333333335,
        "bounds": {
          "lower": -615486.8609691167,
          "upper": 820696.6896269824
        },
        "actual_range": {
          "min": 1e-08,
          "max": 314147021.0659837
        }
      },
      "Volume": {
        "count": 2,
        "percentage": 4.0,
        "bounds": {
          "lower": -349.75,
          "upper": 469.25
        },
        "actual_range": {
          "min": 1e-08,
          "max": 4495.6914438809445
        }
      },
      "Open Interest": {
        "count": 2,
        "percentage": 1.0638297872340425,
        "bounds": {
          "lower": -38.0,
          "upper": 53.0
        },
        "actual_range": {
          "min": 1e-08,
          "max": 25001.46838331831
        }
      }
    },
    "price_jumps": {
      "count": 54,
      "percentage": 8.346213292117465
    }
  },
  "FUT2": {
    "total_rows": 647,
    "outliers": {
      "Close": {
        "count": 2,
        "percentage": 0.32573289902280134,
        "bounds": {
          "lower": 33.39374999999998,
          "upper": 144.91250000000002
        },
        "actual_range": {
          "min": 1e-08,
          "max": 1932832.051400787
        }
      },
      "Volume": {
        "count": 12,
        "percentage": 2.0168067226890756,
        "bounds": {
          "lower": -39727.0,
          "upper": 73830.5
        },
        "actual_range": {
          "min": 1e-08,
          "max": 3526231.280349003
        }
      },
      "Open Interest": {
        "count": 9,
        "percentage": 1.5410958904109588,
        "bounds": {
          "lower": -95173.5,
          "upper": 240081.0
        },
        "actual_range": {
          "min": 1e-08,
          "max": 10246821.455624811
        }
      }
    },
    "price_jumps": {
      "count": 107,
      "percentage": 16.537867078825347
    }
  },
  "FUT3": {
    "total_rows": 647,
    "outliers": {
      "Close": {
        "count": 1,
        "percentage": 0.16501650165016502,
        "bounds": {
          "lower": 21.400000000000006,
          "upper": 160.21875
        },
        "actual_range": {
          "min": 1e-08,
          "max": 3505544.239866089
        }
      },
      "Volume": {
        "count": 9,
        "percentage": 1.5151515151515151,
        "bounds": {
          "lower": -28592.0,
          "upper": 49354.75
        },
        "actual_range": {
          "min": 1e-08,
          "max": 2284249.0019246503
        }
      },
      "Open Interest": {
        "count": 1,
        "percentage": 0.16835016835016833,
        "bounds": {
          "lower": -76861.0,
          "upper": 178296.0
        },
        "actual_range": {
          "min": 1e-08,
          "max": 312013357.7699557
        }
      }
    },
    "price_jumps": {
      "count": 139,
      "percentage": 21.483771251931994
    }
  },
  "FUT4": {
    "total_rows": 647,
    "outliers": {
      "Close": {
        "count": 2,
        "percentage": 0.33112582781456956,
        "bounds": {
          "lower": 17.20000000000003,
          "upper": 167.21874999999997
        },
        "actual_range": {
          "min": 1e-08,
          "max": 733174.6453248514
        }
      },
      "Volume": {
        "count": 1,
        "percentage": 0.16891891891891891,
        "bounds": {
          "lower": -10441.0,
          "upper": 22992.75
        },
        "actual_range": {
          "min": 1e-08,
          "max": 18815648.109708875
        }
      },
      "Open Interest": {
        "count": 10,
        "percentage": 1.7123287671232876,
        "bounds": {
          "lower": -44592.75,
          "upper": 107855.0
        },
        "actual_range": {
          "min": 1e-08,
          "max": 2642425.8589181257
        }
      }
    },
    "price_jumps": {
      "count": 124,
      "percentage": 19.165378670788254
    }
  },
  "FUT5": {
    "total_rows": 647,
    "outliers": {
      "Close": {
        "count": 32,
        "percentage": 5.144694533762058,
        "bounds": {
          "lower": 28.13750000000003,
          "upper": 162.62499999999997
        },
        "actual_range": {
          "min": 1e-08,
          "max": 342564.21759481943
        }
      },
      "Volume": {
        "count": 7,
        "percentage": 1.1844331641285957,
        "bounds": {
          "lower": -9628.5,
          "upper": 17619.0
        },
        "actual_range": {
          "min": 1e-08,
          "max": 875392.7519778942
        }
      },
      "Open Interest": {
        "count": 8,
        "percentage": 1.3468013468013467,
        "bounds": {
          "lower": -52314.0,
          "upper": 99442.5
        },
        "actual_range": {
          "min": 1e-08,
          "max": 3541212.5465819985
        }
      }
    },
    "price_jumps": {
      "count": 100,
      "percentage": 15.455950540958268
    }
  },
  "FUT6": {
    "total_rows": 647,
    "outliers": {
      "Close": {
        "count": 1,